2018/4/16,66.22,68.4,71.82
2018/4/17,66.52,68.46,71.87
2018/4/18,68.47,69.2,73.92
2018/4/19,68.29,71,73.68
2018/4/20,68.38,70.84,73.65
2018/4/23,68.59,70.56,74.58
2018/4/24,67.65,71.67,73.4
2018/4/25,68.05,70.79,73.54
2018/4/26,68.19,71.36,74.1
2018/4/27,68.1,71.15,73.85
2018/4/30,68.57,70.73,74.86
2018/5/1,67.25,70.73,73.43
2018/5/2,67.93,70.08,73.08
2018/5/3,68.43,70.2,73.62
2018/5/4,69.72,70.13,74.85
2018/5/7,70.73,70.18,75.53
2018/5/8,69.06,70.06,75.82
2018/5/9,71.14,69.93,77.02
2018/5/10,71.36,73.68,77.2
2018/5/11,70.7,73.65,77.3
2018/5/14,70.96,73.75,78.39
2018/5/15,71.31,75.35,78.05
2018/5/16,71.49,75.1,79.25
2018/5/17,71.49,76.8,79.48
2018/5/18,71.28,77.03,78.62
2018/5/21,72.48,76.43,79.49
2018/5/22,72.13,77.27,79.37
2018/5/23,71.84,76.58,79.7
2018/5/24,70.71,77.03,78.78
2018/5/25,67.88,75.73,76.13
2018/5/28,67.02,73.18,75.29
2018/5/29,66.73,73.18,75.38
2018/5/30,68.21,73.53,77.71
2018/5/31,67.04,75.43,77.62
2018/6/1,65.81,75.04,76.57
2018/6/4,64.94,74.39,75.41
2018/6/5,65.54,73.58,75.02
2018/6/6,64.73,73.73,75.73
2018/6/7,65.95,73.54,77.29
2018/6/8,65.74,74.79,76.36
2018/6/11,66.1,74.38,76.36
2018/6/12,66.36,74.76,75.45
2018/6/13,66.64,73.38,74.89
2018/6/14,66.89,74.3,75.93
2018/6/15,65.06,74.3,73.04
2018/6/18,65.85,70.92,75.33
2018/6/19,65.07,71.98,74.89
2018/6/20,66.22,72.68,74.19
2018/6/21,65.54,71.22,73.05
2018/6/22,68.58,71.73,75.78
2018/6/25,68.08,72.74,74.79
2018/6/26,70.53,72.98,76.53
2018/6/27,72.76,74.34,77.19
2018/6/28,73.45,75.13,77.46
2018/6/29,74.15,75.83,79.21
2018/7/2,73.94,75.58,77.42
2018/7/3,74.14,74.87,77.84
2018/7/4,74.14,75.03,78.24
2018/7/5,72.94,74.83,77.5
2018/7/6,73.8,74.17,77.1
2018/7/9,73.85,74.73,78.17
2018/7/10,74.11,76.03,78.83
2018/7/11,70.38,74.69,74
2018/7/12,70.33,72.54,74.39
2018/7/13,71.01,71.53,74.82
2018/7/16,68.06,72.98,71.91
2018/7/17,68.08,70.41,71.63
2018/7/18,68.76,69.59,73
2018/7/19,69.46,70.39,72.54
2018/7/20,70.46,71.48,72.97
2018/7/23,67.89,71.43,72.9
2018/7/24,68.52,71.58,73.65
2018/7/25,69.3,72.53,74.33
2018/7/26,69.61,73.44,74.31
2018/7/27,68.69,73.38,74.33
2018/7/30,70.13,73.38,75.47
2018/7/31,68.76,73.63,74.04
2018/8/1,67.66,72.3,72.43
2018/8/2,68.96,71.15,73.33
2018/8/3,68.49,71.85,73.33
2018/8/6,69.01,72.11,73.63
2018/8/7,69.17,72.11,74.47
2018/8/8,66.94,73.25,72.21
2018/8/9,66.81,73.25,71.93
2018/8/10,67.63,70.44,72.93
2018/8/13,67.2,72.23,72.79
2018/8/14,67.04,72.81,72.2
2018/8/15,65.01,70.55,70.73
2018/8/16,65.46,69.55,71.31
2018/8/17,65.91,70.22,71.76
2018/8/20,66.43,70.79,72.07
2018/8/21,67.35,70.99,72.74
2018/8/22,67.86,71.17,74.88
2018/8/23,67.83,73.09,74.74
2018/8/24,68.72,74.07,75.6
2018/8/27,68.87,74.29,76.26
2018/8/28,68.53,75,75.9
2018/8/29,69.51,74.27,77.31
2018/8/30,70.25,75.67,77.77
2018/8/31,69.8,75.74,77.66
2018/9/3,70.2,75.96,77.49
2018/9/4,69.77,75.77,77
2018/9/5,68.64,74.99,76.51
2018/9/6,67.76,74.48,75.91
2018/9/7,67.68,74.56,75.96
2018/9/10,67.5,75.17,76.84
2018/9/11,69.24,77.47,79.22
2018/9/12,70.32,77.37,79.73
2018/9/13,68.55,76.2,77.87
2018/9/14,68.93,75.83,77.88
2018/9/17,68.81,75.66,77.84
2018/9/18,69.82,76.62,79.31
2018/9/19,71.03,77.3,79.66
2018/9/20,70.72,76.53,79.02
2018/9/21,70.75,76.58,78.83
2018/9/24,72.85,79.15,81.5
2018/9/25,73.02,79.15,81.36
2018/9/26,71.84,79.69,82.06
2018/9/27,72.13,79.74,81.64
2018/9/28,73.11,81.13,82.71
2018/10/1,75.32,82.76,85.39
2018/10/2,75.11,82.43,85.11
2018/10/3,76.35,83.93,86.47
2018/10/4,74.39,82.74,85.19
2018/10/5,74.21,82.3,84.36
2018/10/8,74.22,81.92,84.3
2018/10/9,74.9,82.74,85.17
2018/10/10,73.13,80.41,82.69
2018/10/11,70.92,78.69,80.86
2018/10/12,71.36,78.33,80.39
2018/10/15,71.79,78.62,80.89
2018/10/16,71.88,79.7,81.6
2018/10/17,69.58,78.24,80.2
2018/10/18,68.58,77.29,80.03
2018/10/19,69.11,77.89,80.12
2018/10/22,69.2,78.23,80.6
2018/10/23,66.44,74.63,77.39
2018/10/24,66.46,74.42,76.28
2018/10/25,67.15,74.96,76.9
2018/10/26,67.53,76.14,77.95
2018/10/29,66.95,75.52,77.19
2018/10/30,66.13,74.88,75.79
2018/10/31,65.26,73.87,74.64
2018/11/1,63.62,71.32,71.29
2018/11/2,63.07,71.2,71.22
2018/11/5,62.94,72.13,72.15
2018/11/6,62.11,70.19,70.75
2018/11/7,61.64,70.6,70.65
2018/11/8,60.66,69.45,68.58
2018/11/9,60.14,68.67,69.13
2018/11/12,59.8,67.84,68.14
2018/11/13,55.58,64.16,64.04
2018/11/14,56.11,64.47,64.22
2018/11/15,56.4,65.15,65.18
2018/11/16,56.44,65.33,64.92
2018/11/19,57.11,65.79,65.03
2018/11/20,53.34,61.47,60.55
2018/11/21,54.38,62.48,61.9
2018/11/22,53.97,61.54,60.95
2018/11/23,50.37,58.1,58.03
2018/11/26,51.36,59.19,59.36
2018/11/27,51.26,59.62,59.62
2018/11/28,50.01,58.3,57.42
2018/11/29,51.41,58.86,58.05
2018/11/30,50.73,57.37,57.51
2018/12/3,52.93,60.69,60.98
2018/12/4,53.16,60.14,60.78
2018/12/5,52.59,59.6,60.46
2018/12/6,51.49,58.22,58.12
2018/12/7,52.71,59.4,60.48
2018/12/10,51.02,57.79,59.4
2018/12/11,51.6,58.53,59.44
2018/12/12,50.99,58.6,59.13
2018/12/13,52.64,60,60.18
2018/12/14,51.21,58.42,58.55
2018/12/17,49.75,57.35,56.93
2018/12/18,46.07,54.42,54.49
2018/12/19,47.91,54.63,54.5
2018/12/20,45.59,53.38,52.79
2018/12/21,45.33,52.08,51.59
2018/12/24,42.25,48.81,50.78
2018/12/25,N/A,49.32,N/A
2018/12/26,45.99,53.09,52.52
2018/12/27,44.43,52.27,51.64
2018/12/28,45.1,51.23,50.56
2018/12/31,N/A,53.01,N/A
2019/1/2,46.26,53.26,52.83
2019/1/3,46.87,54.68,54.26
2019/1/4,47.71,55.57,55.86
2019/1/7,48.22,56.26,56.37
2019/1/8,49.53,57.49,57.54
2019/1/9,52.14,60,60.13
2019/1/10,52.37,60.14,60.49
2019/1/11,51.39,59.49,59.07
2019/1/14,50.26,58.33,57.75
2019/1/15,51.75,59.63,59.15
2019/1/16,52.03,60.18,60.09
2019/1/17,51.78,60.42,60.24
2019/1/18,53.55,62.01,62.17
2019/1/21,53.56,61.99,62.7
2019/1/22,52.54,60.82,61.3
2019/1/23,52.39,60.41,61.02
2019/1/24,52.84,60.7,61.22
2019/1/25,53.48,61.29,61.69
2019/1/28,51.74,59.68,59.93
2019/1/29,53.02,60.98,61.02
2019/1/30,54.13,61.63,61.55
2019/1/31,53.79,62.1,62.51
2019/2/1,55.24,62.75,62.57
2019/2/4,54.52,62.8,62.67
2019/2/5,53.64,62.18,61.65
2019/2/6,53.89,62.7,62.26
2019/2/7,52.63,61.64,61.28
2019/2/8,52.7,62.15,61.72
2019/2/11,52.38,61.59,61.49
2019/2/12,53.09,63.06,62.87
2019/2/13,53.79,64.05,63.27
2019/2/14,54.35,65.07,64.63
2019/2/15,55.53,66.26,66.03
2019/2/18,N/A,66.29,66.31
2019/2/19,56.07,66.17,66.08
2019/2/20,56.85,67.27,66.98
2019/2/21,56.9,67.18,66.75
2019/2/22,56.98,67.25,66.81
2019/2/25,55.29,64.87,63.89
2019/2/26,55.35,65.56,64.85
2019/2/27,56.87,66.48,65.52
2019/2/28,57.16,66.12,65.33
2019/3/1,55.71,65.12,63.69
2019/3/4,56.55,65.53,64.25
2019/3/5,56.5,66.49,64.14
2019/3/6,56.17,66.12,64.85
2019/3/7,56.55,66.36,65.03
2019/3/8,55.72,66.05,64.46
2019/3/11,56.74,67.15,65.65
2019/3/12,56.84,67.12,65.63
2019/3/13,58.22,67.87,66.4
2019/3/14,58.54,67.34,66.13
2019/3/15,58.46,67.23,66.42
2019/3/18,59.04,67.33,67.07
2019/3/19,59.07,67.6,67.29
2019/3/20,60.07,68.3,68.46
2019/3/21,59.93,67.64,68
2019/3/22,58.82,66.92,66.91
2019/3/25,58.66,67.19,67.66
2019/3/26,59.82,67.35,67.55
2019/3/27,59.34,67.12,67.1
2019/3/28,59.24,67.3,66.99
2019/3/29,60.14,68.39,68.38
2019/4/1,61.54,68.61,69.39
2019/4/2,62.48,68.93,69.64
2019/4/3,62.41,68.9,69.48
2019/4/4,62.07,69.04,69.58
2019/4/5,63.05,69.85,70.5
2019/4/8,64.32,70.46,71.35
2019/4/9,64,70.12,71.15
2019/4/10,64.57,70.53,71.76
2019/4/11,63.56,70.06,71.03
2019/4/12,63.81,70.33,71.54
2019/4/15,63.38,70.45,71.2
2019/4/16,63.96,71.31,71.56
2019/4/17,63.69,70.86,71
2019/4/18,63.97,71.33,70.87
2019/4/22,65.61,73.01,73.22
2019/4/23,66.19,73.55,74.17
2019/4/24,65.93,73.55,73.52
2019/4/25,65.18,73.41,74.1
2019/4/26,63.24,74.45,71.28
2019/4/29,63.36,71.85,71.33
2019/4/30,63.78,70.78,72.73
2019/5/1,63.5,71.23,72.38
2019/5/2,61.7,69.97,70.96
2019/5/3,61.93,70.12,71.41
2019/5/6,62.25,69.95,71.41
2019/5/7,61.36,69.56,71.23
2019/5/8,62.08,68.79,70.74
2019/5/9,61.53,68.47,70.58
2019/5/10,61.6,69.49,71.44
2019/5/13,60.92,68.95,71.45
2019/5/14,61.77,69.59,72.02
2019/5/15,61.98,70.8,72.86
2019/5/16,62.88,71.95,74.4
2019/5/17,62.72,71.17,73.61
2019/5/20,63.07,71.1,72.75
2019/5/21,62.97,70.79,72.85
2019/5/22,61.37,69.47,71.76
2019/5/23,57.62,65.65,68.75
2019/5/24,58.39,66.24,68.85
2019/5/27,N/A,67.6,N/A
2019/5/28,58.86,67.64,70.37
2019/5/29,58.79,67.43,71.61
2019/5/30,56.42,64.67,68.86
2019/5/31,53.44,61.01,66.44
2019/6/3,53.2,59.53,62.99
2019/6/4,53.45,59.45,63.28
2019/6/5,51.52,57.89,62.13
2019/6/6,52.54,59.46,64.08
2019/6/7,53.9,60.86,64.58
2019/6/10,53.28,60.31,63.71
2019/6/11,53.25,59.76,62.86
2019/6/12,51.08,58.03,60.7
2019/6/13,52.33,59.01,62.78
2019/6/14,52.42,59.63,63
2019/6/17,51.89,58.77,61.88
2019/6/18,53.81,60.08,63.03
2019/6/19,53.69,60.41,63.2
2019/6/20,56.83,63.1,66.23
2019/6/21,57.3,63.29,65.92
2019/6/24,57.68,62.81,65.63
2019/6/25,57.6,63.77,66.69
2019/6/26,59.14,63.91,66.62
2019/6/27,59.15,64.2,66.88
2019/6/28,58.17,63.57,67.28
2019/7/1,58.88,63.09,65.16
2019/7/2,55.97,61.14,62.56
2019/7/3,57.03,61.9,64.19
2019/7/4,N/A,61.54,63.51
2019/7/5,N/A,62.67,64.53
2019/7/8,57.32,62.45,64.25
2019/7/9,57.54,63.36,65.07
2019/7/10,60.25,65.48,67.49
2019/7/11,59.9,65.07,67.38
2019/7/12,59.96,65.1,66.67
2019/7/15,59.27,64.67,66.44
2019/7/16,57.41,62.67,63.63
2019/7/17,56.47,61.95,63.04
2019/7/18,55.05,61.03,61.39
2019/7/19,55.39,61.29,61.27
2019/7/22,55.84,61.99,62.34
2019/7/23,56.55,63.13,63.86
2019/7/24,55.87,62.48,62.95
2019/7/25,55.85,62.76,63.23
2019/7/26,56.03,62.76,62.7
2019/7/29,56.85,63.31,62.82
2019/7/30,58.04,63.97,63.31
2019/7/31,58.48,63.07,63.99
2019/8/1,53.59,59.5,60.14
2019/8/2,55.62,60.37,61.02
2019/8/5,54.58,58.15,58.54
2019/8/6,53.55,57.3,57.64
2019/8/7,51.09,56.71,56.39
2019/8/8,52.55,56.66,56.29
2019/8/9,54.36,57.73,57.37
2019/8/12,54.93,57.57,57.18
2019/8/13,57,59.64,59.89
2019/8/14,55.11,57.91,58.23
2019/8/15,54.46,57.48,57.62
2019/8/16,54.78,57.71,59.09
2019/8/19,56.19,58.89,60.11
2019/8/20,56.13,59.38,59.65
2019/8/21,55.6,60.27,60.44
2019/8/22,55.28,59.63,59.98
2019/8/23,54.05,58.63,58.99
2019/8/26,53.51,58.09,58.99
2019/8/27,54.94,59.49,59.91
2019/8/28,55.71,59.68,60.32
2019/8/29,56.62,60.12,60.95
2019/8/30,55.02,58.88,61.12
2019/9/2,N/A,57.07,58.94
2019/9/3,53.86,56.46,58.52
2019/9/4,56.17,58.41,60.75
2019/9/5,56.28,58.87,61.5
2019/9/6,56.4,59.78,62.12
2019/9/9,57.83,61.08,64.08
2019/9/10,57.32,61.17,63.91
2019/9/11,55.61,59.06,61.84
2019/9/12,55.08,58.3,61.26
2019/9/13,54.71,58.31,61.18
2019/9/16,63.05,66.52,68.99
2019/9/17,59.21,62.79,64.14
2019/9/18,58.14,62.28,63.88
2019/9/19,58.14,64.58,64.83
2019/9/20,57.87,63.7,64.6
2019/9/23,58.64,63.46,64.74
2019/9/24,57.17,61.71,62.96
2019/9/25,56.32,61.78,62.94
2019/9/26,56.22,62.01,63.35
2019/9/27,55.9,61,62.06
2019/9/30,54.04,59.55,61.34
2019/10/1,53.55,58.21,60.09
2019/10/2,52.62,56.75,58.04
2019/10/3,52.36,56.76,58.35
2019/10/4,52.79,57.46,59.08
2019/10/7,52.71,57.94,58.73
2019/10/8,52.59,57.08,57.91
2019/10/9,52.58,56.6,58.06
2019/10/10,53.52,58.55,59.96
2019/10/11,54.71,59.65,60.67
2019/10/14,53.52,58.18,59.22
2019/10/15,52.76,58.51,58.79
2019/10/16,53.37,58.59,59
2019/10/17,53.84,59.46,60.37
2019/10/18,53.7,58.7,59.78
2019/10/21,53.23,58.39,59.31
2019/10/22,54.16,58.75,59.8
2019/10/23,55.85,60.26,61.25
2019/10/24,56.08,60.77,61.77
2019/10/25,56.49,61.27,62.23
2019/10/28,55.55,60.78,60.75
2019/10/29,55.29,60.86,60.77
2019/10/30,54.8,60.09,59.97
2019/10/31,53.97,58.41,59.51
2019/11/1,55.99,60.08,61.45
2019/11/4,56.28,60.31,62
2019/11/5,56.99,61.07,62.8
2019/11/6,56.1,60.02,61.77
2019/11/7,56.86,60.58,62.31
2019/11/8,56.97,61,62.75
2019/11/11,56.56,60.65,62.13
2019/11/12,56.62,60.8,61.74
2019/11/13,56.83,61.4,62.65
2019/11/14,56.52,61.12,62.35
2019/11/15,57.49,61.96,63.3
2019/11/18,56.77,60.9,63.05
2019/11/19,54.88,59.45,61.41
2019/11/20,56.66,61.35,63.6
2019/11/21,58.31,62.87,65.41
2019/11/22,57.63,62.78,65.03
2019/11/25,57.74,62.52,64.75
2019/11/26,58.2,63.08,65.08
2019/11/27,58.07,63.07,65.29
2019/11/28,N/A,63.45,64.67
2019/11/29,N/A,60.19,64.49
2019/12/2,55.92,59.8,62.63
2019/12/3,56.1,60.13,63.04
2019/12/4,58.41,61.96,65.59
2019/12/5,58.37,62.44,65.33
2019/12/6,59.15,63.23,66.73
2019/12/9,58.94,63.14,66.28
2019/12/10,59.17,63.23,66.21
2019/12/11,58.69,62.95,65.89
2019/12/12,59.13,63.69,66.76
2019/12/13,60.06,64.63,67.77
2019/12/16,60.16,64.76,67.78
2019/12/17,60.83,65.02,68.75
2019/12/18,60.88,65.54,69.21
2019/12/19,61.25,65.76,69.47
2019/12/20,60.38,65.58,68.76
2019/12/23,60.46,66.02,67.67
2019/12/24,61.14,66.59,69.27
2019/12/25,N/A,66.71,N/A
2019/12/26,61.69,67.29,69.27
2019/12/27,61.73,67.29,68.91
2019/12/30,61.63,68.48,69.94
2019/12/31,61.11,64.99,67.48
2020/1/2,61.14,65.41,67.43
2020/1/3,62.97,67.95,69.72
2020/1/6,63.24,68.16,69.82
2020/1/7,62.67,69.35,70.51
2020/1/8,59.62,65.44,66.57
2020/1/9,59.53,65.18,66.43
2020/1/10,58.99,65.04,66.23
2020/1/13,58.14,64.32,64.28
2020/1/14,58.31,64.34,64.24
2020/1/15,57.81,64.23,63.75
2020/1/16,58.52,64.49,64.65
2020/1/17,58.55,64.16,64.34
2020/1/20,N/A,64.56,64.74
2020/1/21,58.25,63.97,63.58
2020/1/22,56.76,62.44,61.55
2020/1/23,55.46,61.81,61.69
2020/1/24,54.04,60.12,59.6
2020/1/27,53.06,58.43,58.55
2020/1/28,53.3,58.73,59.26
2020/1/29,53.26,58.41,59.06
2020/1/30,52.14,57.85,58.02
2020/1/31,51.53,55.93,57.83
2020/2/3,50.01,53.31,53.5
2020/2/4,49.54,52.68,52.98
2020/2/5,50.82,55.12,55.2
2020/2/6,50.89,54.74,55.42
2020/2/7,50.29,53.51,53.95
2020/2/10,49.54,52.15,53.19
2020/2/11,49.95,52.83,54.05
2020/2/12,51.08,55.42,56.27
2020/2/13,51.36,55.47,56.64
2020/2/14,51.98,55.94,57.53
2020/2/17,N/A,55.89,57.81
2020/2/18,52.05,55.93,58.03
2020/2/19,53.26,57.9,59.77
2020/2/20,53.72,57.42,59.27
2020/2/21,53.31,56.7,58.95
2020/2/24,51.33,54.47,56.62
2020/2/25,49.76,53.17,55.55
2020/2/26,48.64,51.61,53.61
2020/2/27,47.12,49.69,52.2
2020/2/28,44.78,49.43,51.66
2020/3/2,46.73,51.8,53.71
2020/3/3,47.22,51.03,51.71
2020/3/4,46.73,51.29,51.76
2020/3/5,45.85,50.14,50.34
2020/3/6,41.09,44.54,45.41
2020/3/9,31,33.62,34.36
2020/3/10,34.42,35.49,35.94
2020/3/11,33.08,35.02,34.95
2020/3/12,31.51,31.92,30.95
2020/3/13,31.67,33.3,32.78
2020/3/16,28.91,30.44,28.3
2020/3/17,26.91,29.34,26.98
2020/3/18,20.43,28.52,24.92
2020/3/19,25.04,28.36,25.32
2020/3/20,19.43,26.4,24.14
2020/3/23,23.28,27.38,24.88
2020/3/24,20.78,27.88,25.25
2020/3/25,20.25,26.67,25.05
2020/3/26,15.85,26.29,23.78
2020/3/27,14.73,24.66,22.18
2020/3/30,13.35,23.75,19.37
2020/3/31,20.46,26.55,14.73
2020/4/1,20.23,24.44,15.55
2020/4/2,25.13,27.88,19.89
2020/4/3,28.31,33.76,24.29
2020/4/6,26.16,33.18,22.69
2020/4/7,23.49,31.98,22.48
2020/4/8,24.92,31.27,25.97
2020/4/9,22.85,28.81,20.19
2020/4/13,22.31,30.65,N/A
2020/4/14,20.1,26.71,22.24
2020/4/15,19.91,24.67,20.1
2020/4/16,19.77,26.44,19.5
2020/4/17,18.26,26.98,19.66
2020/4/20,-37.03,25.22,18.15
2020/4/21,8.86,18.3,11.33
2020/4/22,13.59,20.68,14.24
2020/4/23,14.81,21.73,15.23
2020/4/24,15.49,21.87,16.2
2020/4/27,11.97,21.21,15.02
2020/4/28,11.9,21.57,16.08
2020/4/29,14.54,24.17,17.84
2020/4/30,18.73,29.13,17.71
2020/5/1,19.22,27.02,18.71
2020/5/4,19.97,28.21,21.13
2020/5/5,24.06,31.93,26.49
2020/5/6,23.38,29.72,24.33
2020/5/7,23.18,29.8,24.07
2020/5/8,24.23,31.1,24.07
2020/5/11,23.52,30.19,26.03
2020/5/12,25.26,29.38,26.17
2020/5/13,24.87,30.05,28.24
2020/5/14,26.9,32.46,29.68
2020/5/15,28.94,32.79,31.18
2020/5/18,31.33,35.49,34.08
2020/5/19,31.8,34.12,32.96
2020/5/20,33.06,35.25,34.8
2020/5/21,34.15,35.88,34.59
2020/5/22,33.34,35.4,33.79
2020/5/25,N/A,35.89,N/A
2020/5/26,34.6,36.1,33.76
2020/5/27,32.75,34.11,32.29
2020/5/28,33.62,35.74,34.12
2020/5/29,35.52,37.64,35.85
2020/6/1,35.44,37.76,37.02
2020/6/2,36.83,39.12,37.7
2020/6/3,37.28,37.91,37.65
2020/6/4,37.37,39.22,38.29
2020/6/5,39.44,41.28,40.82
2020/6/8,38.12,40.57,39.65
2020/6/9,38.93,39.71,40.17
2020/6/10,39.49,40.2,40.84
2020/6/11,36.38,37.79,37.48
2020/6/12,36.19,38.16,38.82
2020/6/15,37.02,38.94,39.62
2020/6/16,38.21,39.17,40.62
2020/6/17,37.86,39.31,40.34
2020/6/18,38.74,40.91,41.7
2020/6/19,39.67,41.25,42.04
2020/6/22,40.55,42.46,43.14
2020/6/23,40.35,41.8,42.45
2020/6/24,37.81,39.93,40.39
2020/6/25,38.56,41.04,41.47
2020/6/26,38.48,40.61,40.61
2020/6/29,39.62,41.48,41.58
2020/6/30,39.22,41.61,41.49
2020/7/1,39.83,41.46,42.29
2020/7/2,40.52,42.26,43.02
2020/7/3,N/A,42.09,42.91
2020/7/6,40.46,42.31,42.83
2020/7/7,40.54,42.09,43.22
2020/7/8,40.86,42.75,43.72
2020/7/9,39.59,42.01,42.31
2020/7/10,40.51,42.95,43.15
2020/7/13,40.01,42.03,42.32
2020/7/14,40.25,42.96,43.21
2020/7/15,41.15,43.21,43.88
2020/7/16,40.69,42.51,43.72
2020/7/17,40.5,42.03,43.49
2020/7/20,40.78,42.06,43.17
2020/7/21,41.71,43.29,43.95
2020/7/22,41.83,43.77,43.96
2020/7/23,40.97,42.8,43.02
2020/7/24,41.21,42.71,43.36
2020/7/27,41.41,42.65,43.34
2020/7/28,40.84,42.44,43.08
2020/7/29,41.08,42.9,43.49
2020/7/30,39.8,42.64,43.32
2020/7/31,40.05,43.11,43.12
2020/8/3,40.78,42.97,43.52
2020/8/4,41.62,43.24,43.95
2020/8/5,42.2,43.94,45.02
2020/8/6,41.88,43.86,45.06
2020/8/7,41.11,43.2,44.4
2020/8/10,41.89,43.84,44.15
2020/8/11,41.48,43.46,43.65
2020/8/12,42.55,43.92,45.01
2020/8/13,42.21,43.58,45.01
2020/8/14,42,43.18,44.96
2020/8/17,42.84,43.73,44.83
2020/8/18,42.84,43.72,44.88
2020/8/19,42.86,43.79,45.08
2020/8/20,42.54,43.6,44.45
2020/8/21,42.27,43.48,43.84
2020/8/24,42.39,44.15,44.33
2020/8/25,43.12,45.14,46.2
2020/8/26,43.16,44.83,45.93
2020/8/27,42.83,44.29,44.86
2020/8/28,42.91,44.71,45.39
2020/8/31,42.56,44.54,N/A
2020/9/1,42.71,45.15,45.9
2020/9/2,42.71,43.95,42.65
2020/9/3,41.34,43.31,42.67
2020/9/4,39.64,42.08,40.88
2020/9/7,41.34,41.46,40.66
2020/9/8,36.82,38.58,38.51
2020/9/9,38,39.73,39.83
2020/9/10,37.2,39.04,38.93
2020/9/11,37.28,38.93,38.9
2020/9/14,37.18,38.87,38.68
2020/9/15,38.24,40.15,39.66
2020/9/16,40.12,41.95,41.31
2020/9/17,40.94,42.87,42.27
2020/9/18,41.04,42.87,42.08
2020/9/21,39.21,41.4,40.61
2020/9/22,39.5,41.29,40.88
2020/9/23,39.87,41.12,40.81
2020/9/24,40.06,41.66,41.07
2020/9/25,40.01,41.84,40.78
2020/9/28,40.42,42.21,41.62
2020/9/29,38.98,40.42,40.13
2020/9/30,40,40.58,40.29
2020/10/1,38.46,39.94,39.54
2020/10/2,36.85,38.51,37.63
2020/10/5,39.07,40.95,39.99
2020/10/6,40.47,41.2,40.45
2020/10/7,39.77,41.26,40.76
2020/10/8,40.99,42.68,42.1
2020/10/9,40.39,42.08,41.54
2020/10/12,39.17,41.07,40.62
2020/10/13,39.98,41.64,41.36
2020/10/14,40.81,42.64,41.95
2020/10/15,40.79,42.26,41.42
2020/10/16,40.65,42.05,41.28
2020/10/19,40.64,41.67,41.12
2020/10/20,41.32,41.96,41.27
2020/10/21,39.83,40.92,40.05
2020/10/22,40.36,41.64,41.25
2020/10/23,39.63,41.03,40.51
2020/10/26,38.37,40.02,39.06
2020/10/27,39.32,39.8,39.23
2020/10/28,37.25,38.85,37.69
2020/10/29,35.92,37.36,36.36
2020/10/30,35.62,37.45,36.29
2020/11/2,36.58,38.78,37.55
2020/11/3,37.42,40.21,38.64
2020/11/4,38.95,40.59,39.63
2020/11/5,38.54,39.98,39.38
2020/11/6,36.95,38.98,38.2
2020/11/9,40.03,41.37,40.59
2020/11/10,41.16,43.44,42.67
2020/11/11,41.21,43.54,42.49
2020/11/12,40.88,42.59,41.94
2020/11/13,39.91,42.28,41.38
2020/11/16,41.12,43.48,42.81
2020/11/17,41.22,43.16,42.56
2020/11/18,41.62,43.58,42.68
2020/11/19,41.55,43.59,43.05
2020/11/20,41.97,44.57,44.05
2020/11/23,42.89,45.37,44.73
2020/11/24,44.68,47.06,46.67
2020/11/25,45.55,48.22,47.55
2020/11/26,N/A,47.32,46.31
2020/11/27,45.55,47.81,46.87
2020/11/30,45.15,46.98,47
2020/12/1,44.49,46.31,46.86
2020/12/2,45.18,47.09,47.52
2020/12/3,45.6,47.96,48.47
2020/12/4,46.18,48.42,48.88
2020/12/7,45.67,47.94,48.51
2020/12/8,45.59,47.94,48.8
2020/12/9,45.43,48.27,48.95
2020/12/10,46.71,49.87,50.51
2020/12/11,46.54,49.31,50.1
2020/12/14,46.97,49.78,50.31
2020/12/15,47.53,50.56,50.72
2020/12/16,47.81,50.93,50.88
2020/12/17,48.29,50.86,51.19
2020/12/18,48.99,51.68,52.33
2020/12/21,47.74,50.24,50.53
2020/12/22,46.97,49.26,49.64
2020/12/23,47.89,50.7,51
2020/12/24,48.16,50.76,50.87
2020/12/28,47.47,50.51,N/A
2020/12/29,47.82,50.53,50.49
2020/12/30,48.21,50.75,50.75
2020/12/31,48.32,51.18,51.15
2021/1/4,47.44,50.26,49.97
2021/1/5,49.75,52.8,53.15
2021/1/6,50.42,53.79,53.72
2021/1/7,50.6,54.3,53.84
2021/1/8,52.11,55.51,55.88
2021/1/11,52.12,55.25,54.84
2021/1/12,53.05,56.24,56.16
2021/1/13,52.78,55.37,55.34
2021/1/14,53.44,55.99,55.81
2021/1/15,52.22,54.64,54.68
2021/1/18,N/A,54.47,54.29
2021/1/19,52.84,55.82,55.42
2021/1/20,53.13,55.44,55.25
2021/1/21,52.97,55.65,55.73
2021/1/22,52.23,55.1,54.98
2021/1/25,52.75,55.6,55.46
2021/1/26,52.58,55.49,55.42
2021/1/27,52.78,54.96,54.83
2021/1/28,52.23,54.72,54.78
2021/1/29,52.13,54.76,54.9
2021/2/1,53.52,56,56.26
2021/2/2,54.74,57.36,58.01
2021/2/3,55.64,58.28,58.81
2021/2/4,56.16,58.72,59.27
2021/2/5,56.77,59.01,59.73
2021/2/8,57.92,60.41,60.26
2021/2/9,58.31,60.62,60.94
2021/2/10,58.66,60.5,60.79
2021/2/11,58.19,60.29,60.83
2021/2/12,59.47,61.96,62.69
2021/2/15,N/A,62.42,63.71
2021/2/16,60.04,62.63,64.11
2021/2/17,61.06,63.67,65.56
2021/2/18,60.37,62.02,63.71
2021/2/19,59.09,61.36,62.82
2021/2/22,61.64,63.5,65.28
2021/2/23,61.63,62.92,64.89
2021/2/24,63.19,65.55,67.11
2021/2/25,63.42,65.13,66.96
2021/2/26,61.51,64.64,65.34
2021/3/1,60.5,62.16,64.28
2021/3/2,59.66,61,63.06
2021/3/3,61.29,62.59,64.58
2021/3/4,63.77,65.8,67.85
2021/3/5,66.04,68,70.28
2021/3/8,64.99,66.69,67.91
2021/3/9,63.98,65.88,66.83
2021/3/10,64.41,66.38,67.8
2021/3/11,65.98,67.97,69.35
2021/3/12,65.55,67.86,68.9
2021/3/15,65.32,67.28,68.71
2021/3/16,64.78,66.95,68.09
2021/3/17,64.51,66.23,67.39
2021/3/18,59.91,61.34,62.16
2021/3/19,61.39,63.3,63.79
2021/3/22,61.44,63.32,63.69
2021/3/23,57.7,59.55,59.78
2021/3/24,61.07,62.72,63.73
2021/3/25,58.42,61.06,61.4
2021/3/26,60.88,63.59,63.61
2021/3/29,61.44,64.41,64.23
2021/3/30,60.5,63.07,63.08
2021/3/31,59.14,62.14,63.51
2021/4/1,61.36,63.11,63.76
2021/4/5,58.68,60.79,63.76
2021/4/6,59.29,60.71,61.39
2021/4/7,59.72,60.92,61.63
2021/4/8,59.56,61.36,62.25
2021/4/9,59.24,60.98,62.01
2021/4/12,59.65,61.17,62.33
2021/4/13,60.15,61.94,63.09
2021/4/14,63.1,64.25,65.78
2021/4/15,63.37,64.91,66.08
2021/4/16,63.11,64.97,65.96
2021/4/19,63.28,65.12,66.7
2021/4/20,62.56,64.17,65.02
2021/4/21,61.29,62.77,63.79
2021/4/22,61.4,63.42,65.39
2021/4/23,62.15,63.63,65.76
2021/4/26,62,63.16,65.58
2021/4/27,62.98,64.28,66.38
2021/4/28,63.76,65.1,66.84
2021/4/29,64.95,66.1,68.19
2021/4/30,63.45,64.69,67.72
2021/5/3,64.41,65.1,N/A
2021/5/4,65.67,67.11,69.96
2021/5/5,65.58,66.49,69.3
2021/5/6,64.68,66.19,68.82
2021/5/7,64.91,66.15,68.69
2021/5/10,64.87,66.11,68.51
2021/5/11,65.26,66.44,68.89
2021/5/12,65.91,66.73,69.4
2021/5/13,63.77,N/A,67.37
2021/5/14,65.27,66.5,69.39
2021/5/17,66.19,67.53,69.81
2021/5/18,65.44,66.5,68.81
2021/5/19,63.23,64.82,66.92
2021/5/20,61.9,63.36,65.16
2021/5/21,63.56,64.57,67
2021/5/24,66.11,66.67,68.61
2021/5/25,66.22,66.81,68.78
2021/5/26,66.36,N/A,68.87
2021/5/27,66.82,67.82,69.42
2021/5/28,66.26,66.75,69.35
2021/5/31,N/A,67.25,N/A
2021/6/1,67.75,68.33,69.9
2021/6/2,68.74,69.06,70.24
2021/6/3,68.76,69.09,70.8
2021/6/4,69.52,69.86,71.23
2021/6/7,69.16,69.49,70.85
2021/6/8,70.06,70.14,71.18
2021/6/9,69.85,70.27,71.14
2021/6/10,70.29,70.37,71.5
2021/6/11,70.95,70.75,71.87
2021/6/14,70.89,71.15,72.45
2021/6/15,72.01,72.26,73.7
2021/6/16,71.98,71.61,73.45
2021/6/17,71.01,70.73,72.82
2021/6/18,71.59,71.24,72.81
2021/6/21,73.59,72.35,74.95
2021/6/22,73.1,72.5,74.75
2021/6/23,73.06,73.11,75.42
2021/6/24,73.26,73.08,75.98
2021/6/25,74.16,73.66,76.26
2021/6/28,72.93,72.58,74.75
2021/6/29,73.09,73.13,75.3
2021/6/30,73.47,73.43,76.93
2021/7/1,75.28,73.26,76.51
2021/7/2,75.32,73.92,77.27
2021/7/5,N/A,74.47,78.33
2021/7/6,73.57,72.48,76.16
2021/7/7,72.17,70.94,74.27
2021/7/8,72.93,72.08,75.43
2021/7/9,74.51,73.31,77.19
2021/7/12,74.16,73.19,76.81
2021/7/13,75.19,74.07,77.38
2021/7/14,73.01,72.36,75.27
2021/7/15,71.62,70.99,74.34
2021/7/16,71.71,71.28,74.2
2021/7/19,66.4,66.69,69.46
2021/7/20,67.27,N/A,69.26
2021/7/21,70.21,70.56,72.56
2021/7/22,72.1,72.18,74.2
2021/7/23,72.19,72.88,74.91
2021/7/26,72.1,73.26,75.03
2021/7/27,71.63,73.08,75.07
2021/7/28,72.32,73.05,75.15
2021/7/29,73.57,74.32,76.14
2021/7/30,73.57,74.67,77.71
2021/8/2,71.26,71.47,74.22
2021/8/3,70.59,70.58,73.11
2021/8/4,68.14,68.8,70.89
2021/8/5,69.05,69.8,72.01
2021/8/6,68.21,68.82,70.96
2021/8/9,66.51,N/A,69.77
2021/8/10,68.23,69.42,71.33
2021/8/11,69.25,69.88,72.09
2021/8/12,69.07,70.02,71.58
2021/8/13,68.31,69.12,70.61
2021/8/16,67.39,68.3,69.98
2021/8/17,66.45,67.65,69.52
2021/8/18,65.31,65.73,67.89
2021/8/19,63.64,65,66.89
2021/8/20,62.2,63.53,65.33
2021/8/23,65.6,67.24,69.11
2021/8/24,67.45,69.24,71.39
2021/8/25,68.51,70.12,71.8
2021/8/26,67.4,69.51,70.79
2021/8/27,68.82,70.52,72.38
2021/8/30,69.26,71.03,N/A
2021/8/31,68.41,69.96,73.62
2021/9/1,68.61,69.29,71.73
2021/9/2,70.05,70.86,73.38
2021/9/3,69.32,70.5,72.95
2021/9/6,N/A,70.07,72.12
2021/9/7,68.47,69.45,71.3
2021/9/8,69.34,70.36,72.43
2021/9/9,68.24,69.08,71.19
2021/9/10,69.8,71.27,72.46
2021/9/13,70.52,72.11,73.11
2021/9/14,70.51,72.13,73.35
2021/9/15,72.57,73.49,74.96
2021/9/16,72.67,73.58,75.13
2021/9/17,72.07,73.17,74.75
2021/9/20,70.39,71.97,73.66
2021/9/21,70.49,72.36,73.73
2021/9/22,72.35,74.06,75.11
2021/9/23,73.41,75.14,76.57
2021/9/24,74.16,75.73,77.43
2021/9/27,75.52,77.25,78.83
2021/9/28,75.42,76.33,77.87
2021/9/29,75.04,76.35,77.66
2021/9/30,75.2,76.79,77.8
2021/10/1,75.99,76.75,79.36
2021/10/4,77.66,78.63,81.39
2021/10/5,79.15,80.31,82.68
2021/10/6,77.64,78.51,81.08
2021/10/7,78.44,80.03,82.43
2021/10/8,79.53,80.05,82.33
2021/10/11,N/A,81.3,83.79
2021/10/12,80.73,81,83.48
2021/10/13,80.65,81.25,83.27
2021/10/14,81.41,82,83.9
2021/10/15,82.37,82.81,84.72
2021/10/18,82.6,82.19,84.04
2021/10/19,83.17,82.88,85.05
2021/10/20,84.38,83.95,85.59
2021/10/21,82.62,82.4,84.67
2021/10/22,84.28,83.04,85.64
2021/10/25,84.54,83.73,84.85
2021/10/26,85.14,83.89,84.81
2021/10/27,82.61,82.11,83.74
2021/10/28,82.73,82.47,83.58
2021/10/29,83.45,82.2,83.39
2021/11/1,84.03,81.25,84.52
2021/11/2,83.86,81.49,83.96
2021/11/3,80.77,79.49,81.08
2021/11/4,78.83,79.49,80.52
2021/11/5,81.2,80.4,82.17
2021/11/8,81.91,80.88,83.51
2021/11/9,84.07,82.35,84.97
2021/11/10,81.18,80.69,82.98
2021/11/11,81.42,80.8,83.25
2021/11/12,80.82,79.93,82.67
2021/11/15,80.8,80,82.15
2021/11/16,80.71,80.27,82.67
2021/11/17,78.27,78.25,80.63
2021/11/18,78.87,79.11,82.27
2021/11/19,76.06,76.78,79.83
2021/11/22,76.69,77.59,80.81
2021/11/23,78.12,80.46,83.46
2021/11/24,N/A,79.85,82.37
2021/11/25,N/A,80.23,82.04
2021/11/26,N/A,70.81,72.36
2021/11/29,69.78,71.76,73.46
2021/11/30,66.04,68.41,70.83
2021/12/1,65.34,68.32,69.49
2021/12/2,66.5,69.9,71.2
2021/12/3,66.29,68.58,70.88
2021/12/6,69.52,73.3,73.91
2021/12/7,71.84,73.01,75.47
2021/12/8,72.33,73.96,76.04
2021/12/9,70.77,71.93,73.79
2021/12/10,71.61,73.79,75.03
2021/12/13,71.09,71.8,73.67
2021/12/14,70.47,71.07,73.01
2021/12/15,70.79,72.45,74.26
2021/12/16,72.24,72.76,74.23
2021/12/17,70.83,71.58,72.3
2021/12/20,68.59,70.48,71.02
2021/12/21,71,72.43,72.9
2021/12/22,72.72,73.9,74.93
2021/12/23,73.39,75.04,76.1
2021/12/24,N/A,N/A,74.95
2021/12/27,75.39,76.9,N/A
2021/12/28,75.96,76.86,N/A
2021/12/29,76.53,78.22,78.61
2021/12/30,76.78,78.03,78.6
2021/12/31,75.28,76.27,77.33
2022/1/3,75.94,76.91,78.33
2022/1/4,76.95,78.94,79.53
2022/1/5,77.78,78.73,80.05
2022/1/6,79.42,79.91,82.03
2022/1/7,78.95,79.59,82.32
2022/1/10,78.06,78.8,81.78
2022/1/11,81.12,81.44,84.93
2022/1/12,82.46,82.6,86.62
2022/1/13,81.92,81.93,85.62
2022/1/14,83.77,84.56,87.36
2022/1/17,N/A,84.57,87.8
2022/1/18,85.37,86.77,89.9
2022/1/19,86.79,85.78,89.05
2022/1/20,86.24,85.48,88.79
2022/1/21,85.11,85.8,88.84
2022/1/24,84.33,85.31,88.5
2022/1/25,86.51,85.85,89.03
2022/1/26,88.23,87.69,91.2
2022/1/27,87.51,88.06,91.32
2022/1/28,87.57,88.51,92.23
2022/1/31,89.06,87.01,92.34
2022/2/1,88.17,N/A,92.77
2022/2/2,88.11,N/A,91.28
2022/2/3,90.12,88.66,92.94
2022/2/4,92.22,90.49,96.29
2022/2/7,91.2,90.68,97.56
2022/2/8,89.27,88.73,96.5
2022/2/9,89.52,89.86,95.21
2022/2/10,89.78,90.67,96.42
2022/2/11,93.05,91.62,98.07
2022/2/14,95.47,93.14,100.87
2022/2/15,92.02,90.42,98.66
2022/2/16,93.78,90.07,94.65
2022/2/17,91.73,89.35,95.06
2022/2/18,91.21,90.89,96.3
2022/2/21,N/A,94.79,99.64
2022/2/22,92.06,93.71,98.68
2022/2/23,92.09,94.16,100.26
2022/2/24,92.72,98.83,101.73
2022/2/25,91.63,93.89,98.77
2022/2/28,95.98,97.69,103.07
2022/3/1,103.61,103.82,113.19
2022/3/2,110.69,105.03,120.79
2022/3/3,107.64,106.78,115.41
2022/3/4,115.72,113.87,123.58
2022/3/7,119.21,122.75,130.51
2022/3/8,123.59,123.36,134.71
2022/3/9,108.76,107.45,118.38
2022/3/10,105.88,104.07,114.56
2022/3/11,109.26,107.93,117.65
2022/3/14,103.17,101.27,111.21
2022/3/15,96.37,95.12,104.76
2022/3/16,94.8,94.97,104.48
2022/3/17,102.92,102.79,113.59
2022/3/18,104.64,104.16,114.87
2022/3/21,112.09,112.38,122.16
2022/3/22,110.98,110.82,120.84
2022/3/23,114.84,115.96,127.41
2022/3/24,113.9,114.11,122.96
2022/3/25,115.95,117,122.87
2022/3/28,107.3,106.79,111.54
2022/3/29,104.2,107.4,113.9
2022/3/30,107.76,110.43,114.95
2022/3/31,100.48,101.35,107.28
2022/4/1,99.27,100.01,106.5
2022/4/4,103.24,103.51,108.69
2022/4/5,101.93,100.61,105.69
2022/4/6,96.34,97.24,101.33
2022/4/7,96,96.85,100.61
2022/4/8,98.3,98.33,101.11
2022/4/11,94.17,95.26,98.76
2022/4/12,100.47,102.17,104.82
2022/4/13,104.21,104.7,108.54
2022/4/14,106.79,108.39,110.82
2022/4/18,108.19,108.56,N/A
2022/4/19,102.49,104.69,106.01
2022/4/20,102.51,104.38,105.46
2022/4/21,103.84,105.9,107.58
2022/4/22,102.66,104.24,104.84
2022/4/25,99.55,100.32,99.8
2022/4/26,102.52,103.09,103.54
2022/4/27,101.91,103.08,103.17
2022/4/28,105.42,105.44,105.44
2022/4/29,104.54,106.24,108.35
2022/5/2,105.13,N/A,N/A
2022/5/3,102.48,N/A,105.76
2022/5/4,107.79,106.47,110.56
2022/5/5,108.12,107.4,112.33
2022/5/6,109.67,108.21,114.61
2022/5/9,103.03,101.48,105.99
2022/5/10,99.69,97.95,101.84
2022/5/11,105.45,103.3,107.92
2022/5/12,106.1,104.49,108.45
2022/5/13,110.47,107.66,111.78
2022/5/16,114.02,110.26,114.77
2022/5/17,112.26,109.67,113.63
2022/5/18,109.62,104.81,110.05
2022/5/19,112.16,107.28,112.64
2022/5/20,112.16,109.4,113.99
2022/5/23,110.27,108.9,115.17
2022/5/24,112.45,109.89,116
2022/5/25,112.63,109.78,116.8
2022/5/26,115.94,112.27,120.15
2022/5/27,114.91,113.29,120.59
2022/5/30,N/A,115.23,123
2022/5/31,114.33,110.51,125.52
2022/6/1,115.21,109.03,121.77
2022/6/2,116.83,111.41,N/A
2022/6/3,118.92,113.42,126.95
2022/6/6,118.36,113.82,125.68
2022/6/7,119.5,114.49,127.21
2022/6/8,121.89,117.84,129.64
2022/6/9,121.47,116.71,128.44
2022/6/10,120.68,116.37,127.45
2022/6/13,120.87,116.37,128.56
2022/6/14,118.87,113.74,127.92
2022/6/15,115.27,113.97,125.53
2022/6/16,117.51,114.12,125.02
2022/6/17,109.51,108.04,119.79
2022/6/20,110.22,109.29,118.24
2022/6/21,110.44,109.47,118.82
2022/6/22,106.17,104.72,113.93
2022/6/23,105.65,104.56,114.09
2022/6/24,108.97,107.96,117.45
2022/6/27,111.24,110.51,120.3
2022/6/28,113.46,112.98,122.26
2022/6/29,111.45,111.18,120.47
2022/6/30,107.56,108.76,119.77
2022/7/1,110.1,105.93,119.11
2022/7/4,N/A,108.25,121.79
2022/7/5,101.35,99.71,112.37
2022/7/6,100.11,94.5,107.89
2022/7/7,104.42,99.14,112.74
2022/7/8,106.58,101.9,114.05
2022/7/11,105.89,N/A,114.12
2022/7/12,97.49,94.35,106.98
2022/7/13,98.24,94.71,107.17
2022/7/14,97.59,94.54,108.42
2022/7/15,99.39,97.13,112.2
2022/7/18,104.28,101.56,116.67
2022/7/19,105.92,102.36,114.92
2022/7/20,104.25,101.93,115.41
2022/7/21,98.24,99.85,112.69
2022/7/22,97.61,99.08,107.2
2022/7/25,99.33,100.23,107.88
2022/7/26,97.49,100.43,107.69
2022/7/27,99.78,102.9,110.63
2022/7/28,98.86,102.94,110.46
2022/7/29,101.06,104.36,111.5
2022/8/1,96.34,96.92,105.97
2022/8/2,96.89,96.44,105
2022/8/3,93,93.95,102.3
2022/8/4,91.04,90.16,97.48
2022/8/5,91.52,91.87,100.11
2022/8/8,93.27,93.72,103.4
2022/8/9,92.93,93.59,104.08
2022/8/10,94.43,94.6,104.68
2022/8/11,96.77,96.63,107.1
2022/8/12,94.61,95.42,103.53
2022/8/15,91.99,91.77,96.56
2022/8/16,88.98,90.12,95.85
2022/8/17,90.6,90.71,96.57
2022/8/18,92.95,94.79,96.37
2022/8/19,93.3,95.46,95.86
2022/8/22,93.17,95.54,95.29
2022/8/23,96.21,98.62,99.47
2022/8/24,95.32,100.37,100.34
2022/8/25,93.23,99.54,99.22
2022/8/26,93.53,100.12,100.64
2022/8/29,97.3,104.25,N/A
2022/8/30,91.98,99.76,100.1
2022/8/31,89.99,91.92,96.54
2022/9/1,86.99,90.18,92.04
2022/9/2,87.19,90.94,93.35
2022/9/5,N/A,93.89,94.21
2022/9/6,87.25,91.68,91.41
2022/9/7,82.4,86.54,86.49
2022/9/8,83.94,87.13,87.49
2022/9/9,87.17,91.46,91.3
2022/9/12,88.08,92.93,93.65
2022/9/13,87.74,91.81,92.34
2022/9/14,88.78,92.91,93.41
2022/9/15,85.62,89.89,89.1
2022/9/16,85.47,91.15,89.69
2022/9/19,86.05,91.17,N/A
2022/9/20,84.59,90.51,89.87
2022/9/21,83.28,89.83,90.05
2022/9/22,83.92,90.87,90.38
2022/9/23,78.97,86.49,84.83
2022/9/26,77.02,83.85,82.49
2022/9/27,78.76,85.69,85.44
2022/9/28,82.46,88.65,89.47
2022/9/29,81.63,88.93,89.61
2022/9/30,79.76,86.89,88.89
2022/10/3,83.9,87.08,90.59
2022/10/4,86.72,90.21,93.77
2022/10/5,88.07,92.26,94.76
2022/10/6,88.75,93.85,96.08
2022/10/7,92.92,96.67,99.51
2022/10/10,91.45,94.65,96.98
2022/10/11,89.6,92.08,94.68
2022/10/12,87.68,90.51,92.77
2022/10/13,89.44,92.38,95.35
2022/10/14,85.95,89.45,91.99
2022/10/17,85.85,88.97,91.34
2022/10/18,83.14,87.16,89.58
2022/10/19,85.85,88.74,91.77
2022/10/20,85.87,90.02,91.93
2022/10/21,85.32,90.97,91.95
2022/10/24,85.92,90.83,91.81
2022/10/25,86.83,90.49,91.36
2022/10/26,89.29,93.5,93.3
2022/10/27,89.01,93.31,95.11
2022/10/28,87.8,92.51,95.18
2022/10/31,86.49,88.77,93.53
2022/11/1,88.31,90.73,95.35
2022/11/2,90.01,90.44,96.16
2022/11/3,88.09,88.03,95.21
2022/11/4,92.53,93.36,99.61
2022/11/7,91.75,91.84,99.92
2022/11/8,88.75,89.12,96.94
2022/11/9,85.74,86.62,92.75
2022/11/10,86.47,87.53,93.86
2022/11/11,89.09,90.47,96.05
2022/11/14,85.8,87.06,92.98
2022/11/15,86.82,87.49,94.25
2022/11/16,85.57,86.34,92.33
2022/11/17,81.64,84.17,91.16
2022/11/18,80.02,81.85,89.21
2022/11/21,79.69,80.59,88.59
2022/11/22,80.78,80.98,88.61
2022/11/23,77.88,76.94,85.09
2022/11/24,N/A,77.28,84.84
2022/11/25,76.35,77.09,83.27
2022/11/28,77,75.71,82.89
2022/11/29,77.86,78.02,83.68
2022/11/30,80.38,79.24,85.6
2022/12/1,80.96,80.74,86.45
2022/12/2,79.76,79.74,86.45
2022/12/5,76.73,77.09,83.5
2022/12/6,74.11,73.84,79.37
2022/12/7,71.83,71.81,77.22
2022/12/8,71.2,70.97,76.36
2022/12/9,70.95,71.24,76.88
2022/12/12,72.86,73.6,78.26
2022/12/13,75.34,75.99,80.09
2022/12/14,77.04,78.25,83.58
2022/12/15,75.79,76.98,82.59
2022/12/16,74.09,75.68,80.41
2022/12/19,74.95,76.2,82.05
2022/12/20,75.82,76.06,79.15
2022/12/21,78.07,78.4,80.26
2022/12/22,77.53,78.11,80.32
2022/12/23,79.47,80.49,82.43
2022/12/26,N/A,81.81,N/A
2022/12/27,79.35,80.93,83.06
2022/12/28,78.79,79.59,81.54
2022/12/29,78.38,79.03,80.95
2022/12/30,80.11,81.17,83.04
2023/1/3,76.82,77.95,80.57
2023/1/4,72.77,74.06,75.54
2023/1/5,73.56,74.88,76.88
2023/1/6,73.72,74.52,76.34
2023/1/9,74.64,76.23,77.59
2023/1/10,75.06,76.16,77.95
2023/1/11,77.41,79.74,81.63
2023/1/12,78.27,80.69,82.39
2023/1/13,79.85,82.29,83.62
2023/1/16,N/A,81.73,82.52
2023/1/17,80.2,84.45,85.04
2023/1/18,79.48,82.04,83.34
2023/1/19,80.26,83.93,85.34
2023/1/20,81.22,85.44,86.97
2023/1/23,81.57,N/A,87.42
2023/1/24,79.76,83.69,85.42
2023/1/25,79.68,83.86,85.04
2023/1/26,80.54,84.39,86.49
2023/1/27,79.68,83.36,85.09
2023/1/30,77.92,81.64,84.6
2023/1/31,78.9,83.22,83.04
2023/2/1,76.29,80.37,81.89
2023/2/2,75.82,79.72,80.62
2023/2/3,73.35,76.88,78.74
2023/2/6,74.06,78.65,80.67
2023/2/7,77.12,81.58,83.22
2023/2/8,78.42,82.47,84.24
2023/2/9,77.99,81.92,83.06
2023/2/10,79.69,83.87,85.65
2023/2/13,80.09,83.92,85.22
2023/2/14,79.03,83.65,84.58
2023/2/15,78.52,83.36,84.17
2023/2/16,78.4,82.54,83.35
2023/2/17,76.26,85.02,82.08
2023/2/20,N/A,82.14,82.59
2023/2/21,76.23,81.13,81.88
2023/2/22,73.9,79.04,79.44
2023/2/23,75.16,81.19,82.32
2023/2/24,76.09,82.05,82.37
2023/2/27,75.57,81.08,81.23
2023/2/28,76.88,81.95,83.2
2023/3/1,77.57,82.32,83.79
2023/3/2,78.05,82.78,83.72
2023/3/3,79.62,84.22,85.85
2023/3/6,80.39,84.39,85.92
2023/3/7,77.45,81.11,82.89
2023/3/8,76.56,81.16,81.78
2023/3/9,75.6,80.27,80.94
2023/3/10,76.55,81.7,82.19
2023/3/13,74.68,79.99,80.15
2023/3/14,71.18,76.87,76.96
2023/3/15,67.38,73.3,73.75
2023/3/16,68.15,74.05,73.3
2023/3/17,66.61,72.66,70.95
2023/3/20,67.56,73.3,72.48
2023/3/21,69.4,74.75,74.73
2023/3/22,70.71,75.74,75.33
2023/3/23,69.67,75.33,74.51
2023/3/24,69.02,74.56,73.47
2023/3/27,72.62,77.69,76.87
2023/3/28,73.07,78.45,78.3
2023/3/29,72.9,77.35,77.53
2023/3/30,74.27,78.54,78.44
2023/3/31,75.63,80.29,79.55
2023/4/3,80.35,84.67,85.66
2023/4/4,80.65,84.83,86.04
2023/4/5,80.64,84.84,85.71
2023/4/6,N/A,85.14,86.35
2023/4/10,79.74,84.4,85.61
2023/4/11,81.49,85.53,87.29
2023/4/12,83.21,87.27,88.24
2023/4/13,82.11,86.63,86.72
2023/4/14,82.53,86.29,87.57
2023/4/17,80.88,84.96,85.59
2023/4/18,80.8,84.86,85.58
2023/4/19,79.13,82.81,85.05
2023/4/20,77.22,80.48,83.28
2023/4/21,77.81,81.51,83.42
2023/4/24,78.64,82.3,84.05
2023/4/25,76.95,80.68,82.09
2023/4/26,74.23,77.54,79.27
2023/4/27,74.72,78.08,79.98
2023/4/28,76.73,80.2,81.31
2023/5/1,75.6,N/A,N/A
2023/5/2,71.66,74.65,76.58
2023/5/3,68.57,69.52,72.48
2023/5/4,68.47,72.28,73.07
2023/5/5,71.27,74.77,75.92
2023/5/8,73.08,76.36,77.16
2023/5/9,73.63,76.67,77.62
2023/5/10,72.48,76.04,76.9
2023/5/11,70.76,74.88,75.81
2023/5/12,69.97,73.18,74.58
2023/5/15,71.02,74.43,75.81
2023/5/16,70.8,73.65,74.99
2023/5/17,72.73,75.56,76.8
2023/5/18,71.77,74.82,75.86
2023/5/19,71.52,74.45,75.4
2023/5/22,71.76,74.83,76
2023/5/23,72.82,76.33,77.35
2023/5/24,74.32,76.99,77.94
2023/5/25,71.58,75.14,75.62
2023/5/26,72.25,75.89,76.54
2023/5/29,N/A,76.05,N/A
2023/5/30,69.4,72.53,73.51
2023/5/31,68.06,70.74,72.59
2023/6/1,70.04,72.91,74.23
2023/6/2,71.71,N/A,76.31
2023/6/5,72.09,75.09,76.49
2023/6/6,71.66,75.5,76.09
2023/6/7,72.47,76.24,76.72
2023/6/8,71.23,75.25,75.47
2023/6/9,70.11,74.32,74.99
2023/6/12,67.03,71.69,72.08
2023/6/13,69.34,73.63,74.16
2023/6/14,68.17,73.41,73.81
2023/6/15,70.56,75.35,75.72
2023/6/16,71.76,76.49,76.33
2023/6/19,N/A,75.97,76.08
2023/6/20,70.89,75.68,75.31
2023/6/21,72.5,77.24,76.82
2023/6/22,69.12,74.24,74.02
2023/6/23,68.81,74.18,74.09
2023/6/26,68.99,74.67,74.03
2023/6/27,67.63,73.06,72.32
2023/6/28,69.49,74.4,73.18
2023/6/29,69.8,N/A,73.84
2023/6/30,70.61,76.07,74.46
2023/7/3,69.66,75.19,74.83
2023/7/4,N/A,76.08,76.22
2023/7/5,71.73,76.87,76.6
2023/7/6,71.71,76.98,76.73
2023/7/7,73.86,78.94,78.39
2023/7/10,73,77.83,77.88
2023/7/11,74.82,79.58,79.44
2023/7/12,75.72,80.26,80.43
2023/7/13,76.81,81.84,81.49
2023/7/14,75.39,80.38,79.65
2023/7/17,74.12,79.15,77.88
2023/7/18,75.71,80.58,79.74
2023/7/19,75.35,80.37,79.46
2023/7/20,75.6,80.63,79.59
2023/7/21,77.01,82.24,80.89
2023/7/24,78.71,84.02,82.57
2023/7/25,79.61,84.51,82.99
2023/7/26,78.96,84.25,83.04
2023/7/27,80.12,84.7,83.95
2023/7/28,80.5,85.57,84.25
2023/7/31,81.75,86.44,85.21
2023/8/1,81.32,86.32,86.11
2023/8/2,79.45,83.96,84.16
2023/8/3,81.51,86.14,86.28
2023/8/4,82.71,86.72,87.35
2023/8/7,81.89,86.96,87.04
2023/8/8,82.89,87.18,87.97
2023/8/9,84.3,N/A,89.28
2023/8/10,82.76,87.44,87.36
2023/8/11,83.12,87.89,87.91
2023/8/14,82.45,86.93,87.51
2023/8/15,81.01,85.59,86.36
2023/8/16,79.35,84.08,84.37
2023/8/17,80.38,84.59,84.98
2023/8/18,81.2,85.56,85.96
2023/8/21,80.66,85.41,85.56
2023/8/22,80.2,85.28,84.56
2023/8/23,78.86,84.41,83.76
2023/8/24,79.27,85.01,83.95
2023/8/25,80.32,85.79,85.75
2023/8/28,80.5,85.64,N/A
2023/8/29,81.09,87.41,86.43
2023/8/30,81.59,86.82,86.67
2023/8/31,83.5,89.12,88.07
2023/9/1,85.47,89.65,90.4
2023/9/4,N/A,89.77,90.41
2023/9/5,86.69,91.08,91.26
2023/9/6,87.5,91.62,91.84
2023/9/7,86.82,90.77,90.97
2023/9/8,87.46,91.66,91.65
2023/9/11,87.25,91.65,91.94
2023/9/12,88.82,93.03,93.45
2023/9/13,88.54,93.19,93.27
2023/9/14,90.08,95.23,95.45
2023/9/15,90.78,95.16,95.83
2023/9/18,91.42,95.46,96.1
2023/9/19,91.15,94.95,96.02
2023/9/20,90.3,93.71,94.26
2023/9/21,89.56,94.15,93.7
2023/9/22,90,93.87,94.54
2023/9/25,89.68,93.99,94.12
2023/9/26,91.23,94.69,94.33
2023/9/27,93.62,96.85,97.27
2023/9/28,91.6,95.1,96.38
2023/9/29,90.72,94,95.85
2023/10/2,88.76,90.01,94.21
